<?xml version="1.0" encoding="UTF-8"?>
<configuration>
    <properties>
        <property name="name">app</property>
        <property name="pattern">%d{yyyy-MM-dd HH:mm:ss} | %-5.5p | %-10.10t | %-20.20C:%-5.5L | %msg%n</property>
    </properties>
    <appenders>
        <Console name="Console" target="SYSTEM_OUT">
            <PatternLayout pattern="${pattern}"/>
        </Console>
        <RollingFile name="RollingFile" fileName="logs/errorLog.log"
                     filePattern="logs/$${date:yyyy-MM}/${name}-%d{yyyy-MM-dd}-%i.log.gz">
            <PatternLayout>
                <pattern>${pattern}</pattern>
            </PatternLayout>
            <Policies>
                <TimeBasedTriggeringPolicy /><!-- Rotated everyday -->
                <SizeBasedTriggeringPolicy size="102400"/> <!-- Or every 100 MB // 102400 = 100KB -->
            </Policies>
        </RollingFile>
        <RollingFile name="FtpLogFile" fileName="logs/ftpLogFile.log"
                     filePattern="logs/$${date:yyyy-MM}/${name}-%d{yyyy-MM-dd}-%i.log.gz">
            <PatternLayout>
                <pattern>${pattern}</pattern>
            </PatternLayout>
            <Policies>
                <TimeBasedTriggeringPolicy /><!-- Rotated everyday -->
                <SizeBasedTriggeringPolicy size="102400"/> <!-- Or every 100 MB // 102400 = 100KB -->
            </Policies>
        </RollingFile>
    </appenders>
    <loggers>
        <root level="error"> <!-- We log everything -->
            <appender-ref ref="Console"/> <!-- To console -->
            <appender-ref ref="RollingFile"/> <!-- And to a rotated file -->
        </root>
        <logger name="ftpLogger" level="info">
            <appender-ref ref="FtpLogFile"/>
        </logger>
    </loggers>
</configuration>